size,path
,YunnanSourcing
,YunnanSourcing/
,YunnanSourcing/PuErh
,YunnanSourcing/PuErh/Sheng
,YunnanSourcing/PuErh/Shou
,YunnanSourcing/Black
,YunnanSourcing/White
,YunnanSourcing/Yellow
,YunnanSourcing/Green
,YunnanSourcing/Oolong
,YunnanSourcing/Teaware
,YunnanSourcing/Teaware/Other
,"YunnanSourcing/Teaware/Other/jian shui clay ""tree trunk"" dragon kiln style cup"
,"YunnanSourcing/Teaware/Other/jian shui clay ""tree trunk"" dragon kiln style cup/1 Cup (1个)"
,YunnanSourcing/Teaware/Other/swirled black and white jian shui tea cups * set of 2
,YunnanSourcing/Teaware/Other/swirled black and white jian shui tea cups * set of 2/2 Cups (2个)
,"YunnanSourcing/Teaware/Other/jian shui red clay ""stippled"" cup"
,"YunnanSourcing/Teaware/Other/jian shui red clay ""stippled"" cup/1 Cup (1个)"
,"YunnanSourcing/Teaware/Other/qing shui ni clay ""han bian hu"" yixing teapot by yuan mingzhi"
,"YunnanSourcing/Teaware/Other/qing shui ni clay ""han bian hu"" yixing teapot by yuan mingzhi/Default Title"
,"YunnanSourcing/Teaware/Other/hong ma zi duan ni ""eggplant"" yixing teapot by yuan minghzhi"
,"YunnanSourcing/Teaware/Other/hong ma zi duan ni ""eggplant"" yixing teapot by yuan minghzhi/Default Title"
,"YunnanSourcing/Teaware/Other/zi ni purple clay ""shi piao"" yixing zisha teapot by zhu xin nan"
,"YunnanSourcing/Teaware/Other/zi ni purple clay ""shi piao"" yixing zisha teapot by zhu xin nan/Default Title"
,"YunnanSourcing/PuErh/Sheng/2006 changtai ""double elephant 339""   tea brick"
,"YunnanSourcing/PuErh/Sheng/2006 changtai ""double elephant 339""   tea brick/1 Brick (250 Grams)"
,"YunnanSourcing/PuErh/Sheng/2006 changtai ""double elephant 339""   tea brick/25 Grams Sample"
,"YunnanSourcing/PuErh/Shou/2009 xinghai ""bu lang qiao mu""   "
,"YunnanSourcing/PuErh/Shou/2009 xinghai ""bu lang qiao mu""   /1 Cake (357 Grams)"
,"YunnanSourcing/PuErh/Shou/2009 xinghai ""bu lang qiao mu""   /25 Grams Sample"
,"YunnanSourcing/Teaware/Other/ben shan duan ni clay ""fang gu"" yixing teapot by fan de hua"
,"YunnanSourcing/Teaware/Other/ben shan duan ni clay ""fang gu"" yixing teapot by fan de hua/Default Title"
,"YunnanSourcing/Teaware/Other/dragon kiln ""xi shi"" burnt duan ni clay yixing tea pot"
,"YunnanSourcing/Teaware/Other/dragon kiln ""xi shi"" burnt duan ni clay yixing tea pot/Default Title"
,YunnanSourcing/PuErh/Shou/aged   tea storage comparison sampler
,YunnanSourcing/PuErh/Shou/aged   tea storage comparison sampler/Default Title
,YunnanSourcing/PuErh/Sheng/aged   tea storage comparison sampler
,YunnanSourcing/PuErh/Sheng/aged   tea storage comparison sampler/Default Title
,"YunnanSourcing/Teaware/Other/jian shui clay ""qing yuan"" teapot by li you ye * 240ml"
,"YunnanSourcing/Teaware/Other/jian shui clay ""qing yuan"" teapot by li you ye * 240ml/Default Title"
,"YunnanSourcing/Teaware/Other/jian shui clay ""chang le"" teapot by li you ye * 250ml"
,"YunnanSourcing/Teaware/Other/jian shui clay ""chang le"" teapot by li you ye * 250ml/Default Title"
,"YunnanSourcing/Teaware/Other/jingdezhen ""sketches of pink"" crackle glazed ping gai teapot"
,"YunnanSourcing/Teaware/Other/jingdezhen ""sketches of pink"" crackle glazed ping gai teapot/Default Title"
,"YunnanSourcing/PuErh/Shou/""10 years aged rhyme""   "
,"YunnanSourcing/PuErh/Shou/""10 years aged rhyme""   /1 Cake (200 Grams)"
,YunnanSourcing/Teaware/Other/fractal drip glazed ceramic tea cup 55ml each * set of 2
,YunnanSourcing/Teaware/Other/fractal drip glazed ceramic tea cup 55ml each * set of 2/Default Title
,"YunnanSourcing/PuErh/Shou/2012 yong zhen ""golden melon mini tuo""   tea"
,"YunnanSourcing/PuErh/Shou/2012 yong zhen ""golden melon mini tuo""   tea/50 Grams"
,"YunnanSourcing/PuErh/Shou/2012 yong zhen ""golden melon mini tuo""   tea/100 Grams"
,"YunnanSourcing/PuErh/Shou/2012 yong zhen ""golden melon mini tuo""   tea/250 Grams"
,"YunnanSourcing/PuErh/Shou/2012 yong zhen ""golden melon mini tuo""   tea/500 Grams"
,"YunnanSourcing/PuErh/Shou/2012 yong zhen ""golden melon mini tuo""   tea/1 Kilogram"
,YunnanSourcing/Teaware/Other/bluestone glazed gaiwan for gong fu tea brewing * 170ml
,YunnanSourcing/Teaware/Other/bluestone glazed gaiwan for gong fu tea brewing * 170ml/Default Title
,"YunnanSourcing/Teaware/Other/qin zhou clay teapot ""peony"" by hu ying jia"
,"YunnanSourcing/Teaware/Other/qin zhou clay teapot ""peony"" by hu ying jia/Default Title"
,"YunnanSourcing/Teaware/Other/qin zhou clay teapot ""phoenix and dragon"" by hu ying jia"
,"YunnanSourcing/Teaware/Other/qin zhou clay teapot ""phoenix and dragon"" by hu ying jia/Default Title"
,"YunnanSourcing/Teaware/Other/qin zhou clay teapot ""four spirits"" by hu ying jia"
,"YunnanSourcing/Teaware/Other/qin zhou clay teapot ""four spirits"" by hu ying jia/Default Title"
,"YunnanSourcing/Teaware/Other/jingdezhen ""sketches of pink"" crackle glazed pear teapot"
,"YunnanSourcing/Teaware/Other/jingdezhen ""sketches of pink"" crackle glazed pear teapot/Default Title"
,"YunnanSourcing/Teaware/Other/jingdezhen ""sketches of pink"" crackle glazed tea cup"
,"YunnanSourcing/Teaware/Other/jingdezhen ""sketches of pink"" crackle glazed tea cup/Default Title"
,"YunnanSourcing/Teaware/Other/jingdezhen ""sketches of pink"" crackle glazed gaiwan"
,"YunnanSourcing/Teaware/Other/jingdezhen ""sketches of pink"" crackle glazed gaiwan/Default Title"
,"YunnanSourcing/White/2019  ""man gang tea flowers"" white "
,"YunnanSourcing/White/2019  ""man gang tea flowers"" white /1 Cake (250 Grams) 白+花
,"YunnanSourcing/White/2019  ""man gang tea flowers"" white /1 Cake (250 Grams) 白+花 / Spring 2019"
,"YunnanSourcing/White/2019  ""man gang tea flowers"" white /25 Grams Sample 白+花
,"YunnanSourcing/White/2019  ""man gang tea flowers"" white /25 Grams Sample 白+花 / Spring 2019"
,YunnanSourcing/Teaware/Other/ tea map  storage and gifting box
,YunnanSourcing/Teaware/Other/ tea map  storage and gifting box/Large 大
,YunnanSourcing/Teaware/Other/ tea map  storage and gifting box/Small 小
,"YunnanSourcing/PuErh/Shou/1996 wan ding ""golden flowers""   tea brick"
,"YunnanSourcing/PuErh/Shou/1996 wan ding ""golden flowers""   tea brick/1 Brick (500 Grams)"
,"YunnanSourcing/PuErh/Shou/1996 wan ding ""golden flowers""   tea brick/25 Grams Sample"
,"YunnanSourcing/Teaware/Other/jian shui clay ""zao ji"" teapot by li you ye * 140ml"
,"YunnanSourcing/Teaware/Other/jian shui clay ""zao ji"" teapot by li you ye * 140ml/Default Title"
,"YunnanSourcing/Teaware/Other/jian shui clay ""ya pin"" teapot by li you ye * 240ml"
,"YunnanSourcing/Teaware/Other/jian shui clay ""ya pin"" teapot by li you ye * 240ml/Default Title"
,"YunnanSourcing/Teaware/Other/jian shui clay ""shang yue"" teapot by li you ye * 200ml"
,"YunnanSourcing/Teaware/Other/jian shui clay ""shang yue"" teapot by li you ye * 200ml/Default Title"
,"YunnanSourcing/Teaware/Other/jian shui clay ""wu dao"" teapot by li you ye * 150ml"
,"YunnanSourcing/Teaware/Other/jian shui clay ""wu dao"" teapot by li you ye * 150ml/Default Title"
,YunnanSourcing/Black/bu lang mountain black tea from menghai
,YunnanSourcing/Black/bu lang mountain black tea from menghai/50 grams
,YunnanSourcing/Black/bu lang mountain black tea from menghai/50 grams/ Autumn 2019
,YunnanSourcing/Black/bu lang mountain black tea from menghai/100 grams
,YunnanSourcing/Black/bu lang mountain black tea from menghai/100 grams/ Autumn 2019
,YunnanSourcing/Black/bu lang mountain black tea from menghai/250 grams
,YunnanSourcing/Black/bu lang mountain black tea from menghai/250 grams/ Autumn 2019
,YunnanSourcing/Black/bu lang mountain black tea from menghai/500 grams
,YunnanSourcing/Black/bu lang mountain black tea from menghai/500 grams/ Autumn 2019
,YunnanSourcing/Black/bu lang mountain black tea from menghai/1 kilogram
,YunnanSourcing/Black/bu lang mountain black tea from menghai/1 kilogram/ Autumn 2019
,YunnanSourcing/Oolong/ta ku hou village high mountain dan cong * spring 2018
,YunnanSourcing/Oolong/ta ku hou village high mountain dan cong * spring 2018/10 Grams
,YunnanSourcing/Oolong/ta ku hou village high mountain dan cong * spring 2018/25 grams
,YunnanSourcing/Oolong/ta ku hou village high mountain dan cong * spring 2018/50 grams
,YunnanSourcing/Oolong/ta ku hou village high mountain dan cong * spring 2018/100 grams
,YunnanSourcing/Oolong/ta ku hou village high mountain dan cong * spring 2018/250 grams
,"YunnanSourcing/Teaware/Other/jian shui clay ""dragon 3#"" xi shi teapot by he shang * 240ml"
,"YunnanSourcing/Teaware/Other/jian shui clay ""dragon 3#"" xi shi teapot by he shang * 240ml/Default Title"
,"YunnanSourcing/Teaware/Other/jian shui clay ""dragon 2#"" teapot by he shang * 260ml"
,"YunnanSourcing/Teaware/Other/jian shui clay ""dragon 2#"" teapot by he shang * 260ml/Default Title"
,"YunnanSourcing/Teaware/Other/jian shui clay ""dragon"" shi piao teapot by he shang * 260ml"
,"YunnanSourcing/Teaware/Other/jian shui clay ""dragon"" shi piao teapot by he shang * 260ml/Default Title"
,"YunnanSourcing/Teaware/Other/jian shui clay ""cloud"" teapot by he shang * 250ml"
,"YunnanSourcing/Teaware/Other/jian shui clay ""cloud"" teapot by he shang * 250ml/Default Title"
,YunnanSourcing/Teaware/Other/round bamboo tea table for gong fu cha
,YunnanSourcing/Teaware/Other/round bamboo tea table for gong fu cha/Default Title
,"YunnanSourcing/Teaware/Other/royal red ""way of the teapot"" tea towel"
,"YunnanSourcing/Teaware/Other/royal red ""way of the teapot"" tea towel/1 Towel (1个)"
,"YunnanSourcing/Teaware/Other/royal red ""way of the teapot"" tea towel/10 Towels (10个)"
,YunnanSourcing/Teaware/Other/eight petal lotus wood tea table for gong fu cha
,YunnanSourcing/Teaware/Other/eight petal lotus wood tea table for gong fu cha/Default Title
,"YunnanSourcing/Teaware/Other/jian shui clay ""dragon"" teapot by wang yan ping * 240ml"
,"YunnanSourcing/Teaware/Other/jian shui clay ""dragon"" teapot by wang yan ping * 240ml/Default Title"
,"YunnanSourcing/Teaware/Other/jian shui clay ""hollow lotus"" teapot by wang yan ping * 200ml"
,"YunnanSourcing/Teaware/Other/jian shui clay ""hollow lotus"" teapot by wang yan ping * 200ml/Default Title"
,"YunnanSourcing/Teaware/Other/jian shui clay ""pastoral"" teapot by yang shi tang * 240ml"
,"YunnanSourcing/Teaware/Other/jian shui clay ""pastoral"" teapot by yang shi tang * 240ml/Default Title"
,"YunnanSourcing/Teaware/Other/jian shui clay ""le dao"" teapot by li you ye * 220ml"
,"YunnanSourcing/Teaware/Other/jian shui clay ""le dao"" teapot by li you ye * 220ml/Default Title"
,YunnanSourcing/Teaware/Other/desert and sky glazed ceramic gaiwan and cups
,YunnanSourcing/Teaware/Other/desert and sky glazed ceramic gaiwan and cups/Gaiwan & 2 Cups 盖碗+2杯子
,YunnanSourcing/Teaware/Other/desert and sky glazed ceramic gaiwan and cups/Gaiwan 盖碗
,YunnanSourcing/Teaware/Other/desert and sky glazed ceramic gaiwan and cups/2 Cups
,YunnanSourcing/Teaware/Other/desert and sky glazed ceramic gaiwan and cups/2 Cups/ 2杯子
,"YunnanSourcing/Teaware/Other/jian shui clay ""tian qu"" teapot by li you ye * 220ml"
,"YunnanSourcing/Teaware/Other/jian shui clay ""tian qu"" teapot by li you ye * 220ml/Default Title"
,"YunnanSourcing/Teaware/Other/jianzhan ""oil spot"" hand-made stoneware gaiwan"
,"YunnanSourcing/Teaware/Other/jianzhan ""oil spot"" hand-made stoneware gaiwan/1 Gaiwan (1盖碗)"
,"YunnanSourcing/Teaware/Other/jianzhan ""rainbow on red"" hand-made stoneware gaiwan"
,"YunnanSourcing/Teaware/Other/jianzhan ""rainbow on red"" hand-made stoneware gaiwan/1 Gaiwan"
,YunnanSourcing/Teaware/Other/chaozhou red clay cups for gong fu cha * 60ml
,YunnanSourcing/Teaware/Other/chaozhou red clay cups for gong fu cha * 60ml/2 Cups (2个)
,YunnanSourcing/Teaware/Other/chaozhou red clay cups for gong fu cha * 40ml
,YunnanSourcing/Teaware/Other/chaozhou red clay cups for gong fu cha * 40ml/2 Cups (2个)
,"YunnanSourcing/Teaware/Other/amber handle ""gu chun"" glass teapot for tea"
,"YunnanSourcing/Teaware/Other/amber handle ""gu chun"" glass teapot for tea/Default Title"
,"YunnanSourcing/Teaware/Other/jade handle ""shi piao"" glass teapot for tea"
,"YunnanSourcing/Teaware/Other/jade handle ""shi piao"" glass teapot for tea/Default Title"
,YunnanSourcing/PuErh/Shou/2018 menghai dayi v93 premium   tea tuo
,YunnanSourcing/PuErh/Shou/2018 menghai dayi v93 premium   tea tuo/100 Gram Tuo
,YunnanSourcing/PuErh/Shou/2018 menghai dayi v93 premium   tea tuo/1 Bag (500 Grams)
,YunnanSourcing/Teaware/Other/coconut shell strainer for tea brewing
,YunnanSourcing/Teaware/Other/coconut shell strainer for tea brewing/Default Title
,"YunnanSourcing/Oolong/winter ""snowflake duck shit aroma"" dan cong oolong tea"
,"YunnanSourcing/Oolong/winter ""snowflake duck shit aroma"" dan cong oolong tea/25 Grams
,"YunnanSourcing/Oolong/winter ""snowflake duck shit aroma"" dan cong oolong tea/25 Grams/ Winter 2019"
,"YunnanSourcing/Oolong/winter ""snowflake duck shit aroma"" dan cong oolong tea/50 grams
,"YunnanSourcing/Oolong/winter ""snowflake duck shit aroma"" dan cong oolong tea/50 grams/ Winter 2019"
,"YunnanSourcing/Oolong/winter ""snowflake duck shit aroma"" dan cong oolong tea/100 grams
,"YunnanSourcing/Oolong/winter ""snowflake duck shit aroma"" dan cong oolong tea/100 grams/ Winter 2019"
,"YunnanSourcing/Oolong/winter ""snowflake duck shit aroma"" dan cong oolong tea/250 grams
,"YunnanSourcing/Oolong/winter ""snowflake duck shit aroma"" dan cong oolong tea/250 grams/ Winter 2019"
,"YunnanSourcing/Oolong/winter ""snowflake duck shit aroma"" dan cong oolong tea/500 grams
,"YunnanSourcing/Oolong/winter ""snowflake duck shit aroma"" dan cong oolong tea/500 grams/ Winter 2019"
,"YunnanSourcing/Oolong/winter ""snowflake duck shit aroma"" dan cong oolong tea/1 Kilogram
,"YunnanSourcing/Oolong/winter ""snowflake duck shit aroma"" dan cong oolong tea/1 Kilogram/ Winter 2019"
,YunnanSourcing/Teaware/Other/lucky rat yixing clay tea mascot
,YunnanSourcing/Teaware/Other/lucky rat yixing clay tea mascot/Default Title
,"YunnanSourcing/Oolong/winter harvest ""mi lan xiang"" middle mountain dan cong oolong tea"
,"YunnanSourcing/Oolong/winter harvest ""mi lan xiang"" middle mountain dan cong oolong tea/25 Grams
,"YunnanSourcing/Oolong/winter harvest ""mi lan xiang"" middle mountain dan cong oolong tea/25 Grams/ Winter 2019"
,"YunnanSourcing/Oolong/winter harvest ""mi lan xiang"" middle mountain dan cong oolong tea/50 Grams
,"YunnanSourcing/Oolong/winter harvest ""mi lan xiang"" middle mountain dan cong oolong tea/50 Grams/ Winter 2019"
,"YunnanSourcing/Oolong/winter harvest ""mi lan xiang"" middle mountain dan cong oolong tea/100 Grams
,"YunnanSourcing/Oolong/winter harvest ""mi lan xiang"" middle mountain dan cong oolong tea/100 Grams/ Winter 2019"
,"YunnanSourcing/Oolong/winter harvest ""mi lan xiang"" middle mountain dan cong oolong tea/250 Grams
,"YunnanSourcing/Oolong/winter harvest ""mi lan xiang"" middle mountain dan cong oolong tea/250 Grams/ Winter 2019"
,"YunnanSourcing/Oolong/winter harvest ""mi lan xiang"" middle mountain dan cong oolong tea/500 Grams
,"YunnanSourcing/Oolong/winter harvest ""mi lan xiang"" middle mountain dan cong oolong tea/500 Grams/ Winter 2019"
,"YunnanSourcing/Oolong/winter harvest ""mi lan xiang"" middle mountain dan cong oolong tea/1 Kilogram
,"YunnanSourcing/Oolong/winter harvest ""mi lan xiang"" middle mountain dan cong oolong tea/1 Kilogram/ Winter 2019"
,"YunnanSourcing/Teaware/Other/lao zi ni ""eggplant"" yixing teapot * 135ml"
,"YunnanSourcing/Teaware/Other/lao zi ni ""eggplant"" yixing teapot * 135ml/Default Title"
,"YunnanSourcing/PuErh/Sheng/2019  ""autumn wa long village"" old arbor   "
,"YunnanSourcing/PuErh/Sheng/2019  ""autumn wa long village"" old arbor   /1 Cake (200 Grams)"
,"YunnanSourcing/PuErh/Sheng/2019  ""autumn wa long village"" old arbor   /25 Grams Sample"
,"YunnanSourcing/PuErh/Sheng/2019  ""autumn wa long village"" old arbor   /10 Grams Sample"
,"YunnanSourcing/PuErh/Sheng/2019  ""autumn ding jia zhai"" ancient arbor   "
,"YunnanSourcing/PuErh/Sheng/2019  ""autumn ding jia zhai"" ancient arbor   /1 Cake (200 Grams)"
,"YunnanSourcing/PuErh/Sheng/2019  ""autumn ding jia zhai"" ancient arbor   /25 Grams Sample"
,"YunnanSourcing/PuErh/Sheng/2019  ""autumn ding jia zhai"" ancient arbor   /10 Grams Sample"
,"YunnanSourcing/Teaware/Other/pink duan ni and zhu ni clay ""tomato"" yixing teapot * 135ml"
,"YunnanSourcing/Teaware/Other/pink duan ni and zhu ni clay ""tomato"" yixing teapot * 135ml/Default Title"
,"YunnanSourcing/Teaware/Other/jian shui clay ""bamboo weaving"" teapot by wang yan ping * 230ml"
,"YunnanSourcing/Teaware/Other/jian shui clay ""bamboo weaving"" teapot by wang yan ping * 230ml/Default Title"
,"YunnanSourcing/Teaware/Other/jian shui clay ""ya he"" teapot by li you ye * 170ml"
,"YunnanSourcing/Teaware/Other/jian shui clay ""ya he"" teapot by li you ye * 170ml/Default Title"
,YunnanSourcing/Teaware/Other/pure silver 999 jingdezhen tian mu glazing cup * 50ml
,YunnanSourcing/Teaware/Other/pure silver 999 jingdezhen tian mu glazing cup * 50ml/Default Title
,YunnanSourcing/Teaware/Other/pure silver 999 cobalt blue gradient glazed tea cup * 110ml
,YunnanSourcing/Teaware/Other/pure silver 999 cobalt blue gradient glazed tea cup * 110ml/Default Title
,"YunnanSourcing/PuErh/Sheng/2019  ""qiu shi"" yi wu old arbor   "
,"YunnanSourcing/PuErh/Sheng/2019  ""qiu shi"" yi wu old arbor   /1 Cake (200 Grams)"
,"YunnanSourcing/PuErh/Sheng/2019  ""qiu shi"" yi wu old arbor   /25 Grams Sample"
,"YunnanSourcing/PuErh/Sheng/2019  ""qiu shi"" yi wu old arbor   /10 Grams Sample"
,"YunnanSourcing/PuErh/Sheng/2019  ""autumn yi shan mo"" yi wu old arbor   "
,"YunnanSourcing/PuErh/Sheng/2019  ""autumn yi shan mo"" yi wu old arbor   /1 Cake (200 Grams)"
,"YunnanSourcing/PuErh/Sheng/2019  ""autumn yi shan mo"" yi wu old arbor   /25 Grams Sample"
,"YunnanSourcing/PuErh/Sheng/2019  ""autumn yi shan mo"" yi wu old arbor   /10 Grams Sample"
,"YunnanSourcing/PuErh/Sheng/2019  ""autumn yi bang""   "
,"YunnanSourcing/PuErh/Sheng/2019  ""autumn yi bang""   /1 Cake (200 Grams)"
,"YunnanSourcing/PuErh/Sheng/2019  ""autumn yi bang""   /25 Grams Sample"
,"YunnanSourcing/PuErh/Sheng/2019  ""autumn yi bang""   /10 Grams Sample"
,"YunnanSourcing/Teaware/Other/jian shui clay ""de zhong"" teapot by he shang * 220ml"
,"YunnanSourcing/Teaware/Other/jian shui clay ""de zhong"" teapot by he shang * 220ml/Default Title"
,"YunnanSourcing/Teaware/Other/jian shui clay ""rong tian"" teapot by he shang * 220ml"
,"YunnanSourcing/Teaware/Other/jian shui clay ""rong tian"" teapot by he shang * 220ml/Default Title"
,"YunnanSourcing/Teaware/Other/jian shui clay ""ban yue"" teapot by he shang * 160ml"
,"YunnanSourcing/Teaware/Other/jian shui clay ""ban yue"" teapot by he shang * 160ml/Default Title"
,YunnanSourcing/Black/moonlight black air-dried purple tea from jinggu
,YunnanSourcing/Black/moonlight black air-dried purple tea from jinggu/50 Grams
,YunnanSourcing/Black/moonlight black air-dried purple tea from jinggu/50 Grams/ Autumn 2019
,YunnanSourcing/Black/moonlight black air-dried purple tea from jinggu/100 Grams
,YunnanSourcing/Black/moonlight black air-dried purple tea from jinggu/100 Grams/ Autumn 2019
,YunnanSourcing/Black/moonlight black air-dried purple tea from jinggu/250 Grams
,YunnanSourcing/Black/moonlight black air-dried purple tea from jinggu/250 Grams/ Autumn 2019
,YunnanSourcing/Black/moonlight black air-dried purple tea from jinggu/500 Grams
,YunnanSourcing/Black/moonlight black air-dried purple tea from jinggu/500 Grams/ Autumn 2019
,YunnanSourcing/Black/moonlight black air-dried purple tea from jinggu/1 Kilogram
,YunnanSourcing/Black/moonlight black air-dried purple tea from jinggu/1 Kilogram/ Autumn 2019
,YunnanSourcing/Black/jinggu camellia taliensis black tea
,YunnanSourcing/Black/jinggu camellia taliensis black tea/50 Grams
,YunnanSourcing/Black/jinggu camellia taliensis black tea/50 Grams/ Autumn 2019
,YunnanSourcing/Black/jinggu camellia taliensis black tea/100 Grams
,YunnanSourcing/Black/jinggu camellia taliensis black tea/100 Grams/ Autumn 2019
,YunnanSourcing/Black/jinggu camellia taliensis black tea/250 Grams
,YunnanSourcing/Black/jinggu camellia taliensis black tea/250 Grams/ Autumn 2019
,YunnanSourcing/Black/jinggu camellia taliensis black tea/500 Grams
,YunnanSourcing/Black/jinggu camellia taliensis black tea/500 Grams/ Autumn 2019
,YunnanSourcing/Black/jinggu camellia taliensis black tea/1 Kilogram
,YunnanSourcing/Black/jinggu camellia taliensis black tea/1 Kilogram/ Autumn 2019
,"YunnanSourcing/PuErh/Shou/jinggu aged ""purple lao cha tou""   tea"
,"YunnanSourcing/PuErh/Shou/jinggu aged ""purple lao cha tou""   tea/50 Grams"
,"YunnanSourcing/PuErh/Shou/jinggu aged ""purple lao cha tou""   tea/100 Grams"
,"YunnanSourcing/PuErh/Shou/jinggu aged ""purple lao cha tou""   tea/250 Grams"
,"YunnanSourcing/PuErh/Shou/jinggu aged ""purple lao cha tou""   tea/500 Grams"
,"YunnanSourcing/PuErh/Shou/jinggu aged ""purple lao cha tou""   tea/1 Kilogram"
,"YunnanSourcing/PuErh/Shou/jinggu aged ""zi cha"" purple loose leaf   tea"
,"YunnanSourcing/PuErh/Shou/jinggu aged ""zi cha"" purple loose leaf   tea/50 Grams"
,"YunnanSourcing/PuErh/Shou/jinggu aged ""zi cha"" purple loose leaf   tea/100 Grams"
,"YunnanSourcing/PuErh/Shou/jinggu aged ""zi cha"" purple loose leaf   tea/250 Grams"
,"YunnanSourcing/PuErh/Shou/jinggu aged ""zi cha"" purple loose leaf   tea/500 Grams"
,"YunnanSourcing/PuErh/Shou/jinggu aged ""zi cha"" purple loose leaf   tea/1 Kilogram"
,YunnanSourcing/Teaware/Other/classic white porcelain gaiwan with  logo * 90ml
,YunnanSourcing/Teaware/Other/classic white porcelain gaiwan with  logo * 90ml/Default Title
,YunnanSourcing/Black/classic yixing hong black tea from jiangsu
,YunnanSourcing/Black/classic yixing hong black tea from jiangsu/50 Grams
,YunnanSourcing/Black/classic yixing hong black tea from jiangsu/100 Grams
,YunnanSourcing/Black/classic yixing hong black tea from jiangsu/250 Grams
,YunnanSourcing/Black/classic yixing hong black tea from jiangsu/500 Grams
,YunnanSourcing/Black/classic yixing hong black tea from jiangsu/1 Kilogram
,YunnanSourcing/Teaware/Other/li river fishing cups and gaiwan for gong fu tea
,YunnanSourcing/Teaware/Other/li river fishing cups and gaiwan for gong fu tea/1 Gaiwan and 2 Cups (1盖碗+2杯子)
,YunnanSourcing/Teaware/Other/li river fishing cups and gaiwan for gong fu tea/1 Gaiwan
,YunnanSourcing/Teaware/Other/li river fishing cups and gaiwan for gong fu tea/2 Cups
,YunnanSourcing/Teaware/Other/sama portable gong fu insulated glass flask
,YunnanSourcing/Teaware/Other/sama portable gong fu insulated glass flask/Green 绿色
,YunnanSourcing/Teaware/Other/sama portable gong fu insulated glass flask/Black 黑色
,YunnanSourcing/Black/imperial yixing hong black tea from jiangsu
,YunnanSourcing/Black/imperial yixing hong black tea from jiangsu/25 Grams
,YunnanSourcing/Black/imperial yixing hong black tea from jiangsu/50 Grams
,YunnanSourcing/Black/imperial yixing hong black tea from jiangsu/100 Grams
,YunnanSourcing/Black/imperial yixing hong black tea from jiangsu/250 Grams
,YunnanSourcing/Black/imperial yixing hong black tea from jiangsu/500 Grams
,YunnanSourcing/Black/imperial yixing hong black tea from jiangsu/1 Kilogram
,YunnanSourcing/Teaware/Other/blue bamboo on white porcelain gaiwan and cups
,YunnanSourcing/Teaware/Other/blue bamboo on white porcelain gaiwan and cups/1 Gaiwan and 2 Cups (1盖碗+2杯子)
,YunnanSourcing/Teaware/Other/blue bamboo on white porcelain gaiwan and cups/1 Gaiwan
,YunnanSourcing/Teaware/Other/blue bamboo on white porcelain gaiwan and cups/2 Cups
,YunnanSourcing/Teaware/Other/jingdezhen tian mu glazing and 999 silver gaiwan * 150ml
,YunnanSourcing/Teaware/Other/jingdezhen tian mu glazing and 999 silver gaiwan * 150ml/Default Title
,YunnanSourcing/Teaware/Other/green gradient glazed ceramic tea cups
,YunnanSourcing/Teaware/Other/green gradient glazed ceramic tea cups/2 Cups (2个)
,YunnanSourcing/Teaware/Other/green gradient glazed ceramic tea cups/4 Cups (4个)
,YunnanSourcing/Teaware/Other/hardwood burl teapot and cups stand
,YunnanSourcing/Teaware/Other/hardwood burl teapot and cups stand/1 Stand (一个)
,YunnanSourcing/Teaware/Other/hardwood burl teapot and cups stand/4 Stands (四个)
,"YunnanSourcing/Teaware/Other/green handled ""elegance"" glass cha hai"
,"YunnanSourcing/Teaware/Other/green handled ""elegance"" glass cha hai/Default Title"
,"YunnanSourcing/Teaware/Other/jian shui clay ""egg holder"" cup"
,"YunnanSourcing/Teaware/Other/jian shui clay ""egg holder"" cup/1 Cup (1个)"
,"YunnanSourcing/Teaware/Other/jian shui clay ""egg holder"" cup/2 Cups (2个)"
,YunnanSourcing/Teaware/Other/white porcelain easy gaiwan and cups set
,YunnanSourcing/Teaware/Other/white porcelain easy gaiwan and cups set/Default Title
,YunnanSourcing/Oolong/premium aa tie guan yin of anxi oolong tea of fujian
,YunnanSourcing/Oolong/premium aa tie guan yin of anxi oolong tea of fujian/Autumn 2019
,YunnanSourcing/Oolong/premium aa tie guan yin of anxi oolong tea of fujian/Autumn 2019/ 25 Grams
,YunnanSourcing/Oolong/premium aa tie guan yin of anxi oolong tea of fujian/Autumn 2019/ 50 Grams
,YunnanSourcing/Oolong/premium aa tie guan yin of anxi oolong tea of fujian/Autumn 2019/ 100 Grams
,YunnanSourcing/Oolong/premium aa tie guan yin of anxi oolong tea of fujian/Autumn 2019/ 250 Grams
,YunnanSourcing/Oolong/premium aa tie guan yin of anxi oolong tea of fujian/Autumn 2019/ 500 Grams
,YunnanSourcing/Oolong/premium aa tie guan yin of anxi oolong tea of fujian/Autumn 2019/ 1 Kilogram
,YunnanSourcing/Oolong/osmanthus flower tie guan yin oolong tea
,YunnanSourcing/Oolong/osmanthus flower tie guan yin oolong tea/50 Grams
,YunnanSourcing/Oolong/osmanthus flower tie guan yin oolong tea/50 Grams/ Autumn 2019
,YunnanSourcing/Oolong/osmanthus flower tie guan yin oolong tea/100 Grams
,YunnanSourcing/Oolong/osmanthus flower tie guan yin oolong tea/100 Grams/ Autumn 2019
,YunnanSourcing/Oolong/osmanthus flower tie guan yin oolong tea/250 Grams
,YunnanSourcing/Oolong/osmanthus flower tie guan yin oolong tea/250 Grams/ Autumn 2019
,YunnanSourcing/Oolong/osmanthus flower tie guan yin oolong tea/500 Grams
,YunnanSourcing/Oolong/osmanthus flower tie guan yin oolong tea/500 Grams/ Autumn 2019
,YunnanSourcing/Oolong/osmanthus flower tie guan yin oolong tea/1 Kilogram
,YunnanSourcing/Oolong/osmanthus flower tie guan yin oolong tea/1 Kilogram/ Autumn 2019
,"YunnanSourcing/Oolong/middle mountain ""hai di lao yue"" dan cong oolong tea"
,"YunnanSourcing/Oolong/middle mountain ""hai di lao yue"" dan cong oolong tea/10 Grams
,"YunnanSourcing/Oolong/middle mountain ""hai di lao yue"" dan cong oolong tea/10 Grams/ Spring 2019"
,"YunnanSourcing/Oolong/middle mountain ""hai di lao yue"" dan cong oolong tea/25 Grams
,"YunnanSourcing/Oolong/middle mountain ""hai di lao yue"" dan cong oolong tea/25 Grams/ Spring 2019"
,"YunnanSourcing/Oolong/middle mountain ""hai di lao yue"" dan cong oolong tea/50 Grams
,"YunnanSourcing/Oolong/middle mountain ""hai di lao yue"" dan cong oolong tea/50 Grams/ Spring 2019"
,"YunnanSourcing/Oolong/middle mountain ""hai di lao yue"" dan cong oolong tea/100 Grams
,"YunnanSourcing/Oolong/middle mountain ""hai di lao yue"" dan cong oolong tea/100 Grams/ Spring 2019"
,"YunnanSourcing/PuErh/Shou/2019 hai lang hao ""yi bang big tree"" yi wu   tea brick"
,"YunnanSourcing/PuErh/Shou/2019 hai lang hao ""yi bang big tree"" yi wu   tea brick/1 Brick (500 Grams)"
,"YunnanSourcing/PuErh/Shou/2019 hai lang hao ""yi bang big tree"" yi wu   tea brick/25 Grams Sample"
,"YunnanSourcing/PuErh/Shou/2019 hai lang hao ""yi bang big tree"" yi wu   tea brick/10 Grams Sample"
,"YunnanSourcing/PuErh/Shou/2019 hai lang hao ""lao ban zhang""   tea brick"
,"YunnanSourcing/PuErh/Shou/2019 hai lang hao ""lao ban zhang""   tea brick/1 Brick (500 Grams)"
,"YunnanSourcing/PuErh/Shou/2019 hai lang hao ""lao ban zhang""   tea brick/25 Grams Sample"
,"YunnanSourcing/PuErh/Shou/2019 hai lang hao ""lao ban zhang""   tea brick/10 Grams Sample"
,"YunnanSourcing/PuErh/Sheng/2018 hai lang hao ""early spring bu lang mountain""   tea brick"
,"YunnanSourcing/PuErh/Sheng/2018 hai lang hao ""early spring bu lang mountain""   tea brick/1 Brick (250 Grams)"
,"YunnanSourcing/PuErh/Sheng/2018 hai lang hao ""early spring bu lang mountain""   tea brick/25 Grams Sample"
,"YunnanSourcing/Teaware/Other/lao zi ni ""persimmon"" yixing teapot * 85ml"
,"YunnanSourcing/Teaware/Other/lao zi ni ""persimmon"" yixing teapot * 85ml/Default Title"
,"YunnanSourcing/PuErh/Sheng/2019  ""ye cha"" single grove   "
,"YunnanSourcing/PuErh/Sheng/2019  ""ye cha"" single grove   /1 Cake (250 Grams)"
,"YunnanSourcing/PuErh/Sheng/2019  ""ye cha"" single grove   /10 Grams Sample"
,"YunnanSourcing/PuErh/Sheng/2019  ""san ke shu"" old arbor   "
,"YunnanSourcing/PuErh/Sheng/2019  ""san ke shu"" old arbor   /1 Cake (250 Grams)"
,"YunnanSourcing/PuErh/Sheng/2019  ""san ke shu"" old arbor   /25 Grams Sample"
,"YunnanSourcing/White/2019  ""man gang gu shu bai cha"" white "
,"YunnanSourcing/White/2019  ""man gang gu shu bai cha"" white /1 Cake (250 Grams) 白 
,"YunnanSourcing/White/2019  ""man gang gu shu bai cha"" white /1 Cake (250 Grams) 白 / Spring 2019"
,"YunnanSourcing/White/2019  ""man gang gu shu bai cha"" white /25 Grams Sample 白 
,"YunnanSourcing/White/2019  ""man gang gu shu bai cha"" white /25 Grams Sample 白 / Spring 2019"
,"YunnanSourcing/Black/2019  ""man gang gu shu hong"" black "
,"YunnanSourcing/Black/2019  ""man gang gu shu hong"" black /1 Cake (250 Grams) 红 
,"YunnanSourcing/Black/2019  ""man gang gu shu hong"" black /1 Cake (250 Grams) 红 / Spring 2019"
,"YunnanSourcing/Black/2019  ""man gang gu shu hong"" black /25 Grams Sample 红 
,"YunnanSourcing/Black/2019  ""man gang gu shu hong"" black /25 Grams Sample 红 / Spring 2019"
,"YunnanSourcing/PuErh/Sheng/2006 changtai tian xia tong an ""gold edition""   "
,"YunnanSourcing/PuErh/Sheng/2006 changtai tian xia tong an ""gold edition""   /1 Cake (400 Grams)"
,"YunnanSourcing/PuErh/Sheng/2006 changtai tian xia tong an ""gold edition""   /25 Grams Sample"
,"YunnanSourcing/PuErh/Sheng/2005 nan qiao ""ban zhang certified organic""   tea tuo"
,"YunnanSourcing/PuErh/Sheng/2005 nan qiao ""ban zhang certified organic""   tea tuo/1 Tuo (100 Grams)"
,"YunnanSourcing/PuErh/Sheng/2005 nan qiao ""ban zhang certified organic""   tea tuo/1 Bag (5 x 100 Grams)"
,"YunnanSourcing/White/2018 fuding ""shou mei"" white "
,"YunnanSourcing/White/2018 fuding ""shou mei"" white /1 Cake (100 Grams) 寿眉"
,"YunnanSourcing/White/2018 fuding ""gong mei"" white "
,"YunnanSourcing/White/2018 fuding ""gong mei"" white /1 Cake (100 Grams) 贡眉"
,"YunnanSourcing/PuErh/Shou/2019  ""gong ting"" certified organic   tea"
,"YunnanSourcing/PuErh/Shou/2019  ""gong ting"" certified organic   tea/1 Cake (100 Grams)"
,"YunnanSourcing/White/2019 cha nong hao ""meng song village"" white "
,"YunnanSourcing/White/2019 cha nong hao ""meng song village"" white /1 Cake (250 Grams)"
,"YunnanSourcing/Black/tong mu village ""hua xiang"" zheng shan xiao zhong black tea * spring 2018"
,"YunnanSourcing/Black/tong mu village ""hua xiang"" zheng shan xiao zhong black tea * spring 2018/25 Grams"
,"YunnanSourcing/Black/tong mu village ""hua xiang"" zheng shan xiao zhong black tea * spring 2018/50 Grams"
,"YunnanSourcing/Black/tong mu village ""hua xiang"" zheng shan xiao zhong black tea * spring 2018/100 Grams"
,"YunnanSourcing/Black/tong mu village ""hua xiang"" zheng shan xiao zhong black tea * spring 2018/250 Grams"
,"YunnanSourcing/Black/tong mu village ""hua xiang"" zheng shan xiao zhong black tea * spring 2018/500 Grams"
,"YunnanSourcing/Black/tong mu village ""hua xiang"" zheng shan xiao zhong black tea * spring 2018/1 Kilogram"
,"YunnanSourcing/Oolong/high mountain ""lao cong mi lan xiang"" dan cong oolong tea * spring 2019"
,"YunnanSourcing/Oolong/high mountain ""lao cong mi lan xiang"" dan cong oolong tea * spring 2019/10 Grams
,"YunnanSourcing/Oolong/high mountain ""lao cong mi lan xiang"" dan cong oolong tea * spring 2019/10 Grams/ Spring 2019"
,"YunnanSourcing/Oolong/high mountain ""lao cong mi lan xiang"" dan cong oolong tea * spring 2019/25 Grams
,"YunnanSourcing/Oolong/high mountain ""lao cong mi lan xiang"" dan cong oolong tea * spring 2019/25 Grams/ Spring 2019"
,"YunnanSourcing/Oolong/high mountain ""lao cong mi lan xiang"" dan cong oolong tea * spring 2019/50 grams
,"YunnanSourcing/Oolong/high mountain ""lao cong mi lan xiang"" dan cong oolong tea * spring 2019/50 grams/ Spring 2019"
,"YunnanSourcing/Oolong/high mountain ""lao cong mi lan xiang"" dan cong oolong tea * spring 2019/100 grams
,"YunnanSourcing/Oolong/high mountain ""lao cong mi lan xiang"" dan cong oolong tea * spring 2019/100 grams/ Spring 2019"
,"YunnanSourcing/Oolong/high mountain ""lao cong mi lan xiang"" dan cong oolong tea * spring 2019/250 grams
,"YunnanSourcing/Oolong/high mountain ""lao cong mi lan xiang"" dan cong oolong tea * spring 2019/250 grams/ Spring 2019"
,YunnanSourcing/White/imperial grade yue guang bai white tea
,YunnanSourcing/White/imperial grade yue guang bai white tea/50 grams
,YunnanSourcing/White/imperial grade yue guang bai white tea/50 grams/ Autumn 2019
,YunnanSourcing/White/imperial grade yue guang bai white tea/100 grams
,YunnanSourcing/White/imperial grade yue guang bai white tea/100 grams/ Autumn 2019
,YunnanSourcing/White/imperial grade yue guang bai white tea/250 grams
,YunnanSourcing/White/imperial grade yue guang bai white tea/250 grams/ Autumn 2019
,YunnanSourcing/White/imperial grade yue guang bai white tea/500 grams
,YunnanSourcing/White/imperial grade yue guang bai white tea/500 grams/ Autumn 2019
,YunnanSourcing/White/imperial grade yue guang bai white tea/1 kilogram
,YunnanSourcing/White/imperial grade yue guang bai white tea/1 kilogram/ Autumn 2019
,"YunnanSourcing/White/2014 ""chen nian shou mei"" aged white  of fuding"
,"YunnanSourcing/White/2014 ""chen nian shou mei"" aged white  of fuding/1 Cake (100 Grams)"
,"YunnanSourcing/Oolong/qian li xiang ""thousand mile aroma"" wu yi rock oolong tea"
,"YunnanSourcing/Oolong/qian li xiang ""thousand mile aroma"" wu yi rock oolong tea/25 Grams 
,"YunnanSourcing/Oolong/qian li xiang ""thousand mile aroma"" wu yi rock oolong tea/25 Grams / Spring 2019"
,"YunnanSourcing/Oolong/qian li xiang ""thousand mile aroma"" wu yi rock oolong tea/50 Grams 
,"YunnanSourcing/Oolong/qian li xiang ""thousand mile aroma"" wu yi rock oolong tea/50 Grams / Spring 2019"
,"YunnanSourcing/Oolong/qian li xiang ""thousand mile aroma"" wu yi rock oolong tea/100 Grams 
,"YunnanSourcing/Oolong/qian li xiang ""thousand mile aroma"" wu yi rock oolong tea/100 Grams / Spring 2019"
,"YunnanSourcing/Oolong/qian li xiang ""thousand mile aroma"" wu yi rock oolong tea/250 Grams 
,"YunnanSourcing/Oolong/qian li xiang ""thousand mile aroma"" wu yi rock oolong tea/250 Grams / Spring 2019"
,"YunnanSourcing/Oolong/qian li xiang ""thousand mile aroma"" wu yi rock oolong tea/500 Grams 
,"YunnanSourcing/Oolong/qian li xiang ""thousand mile aroma"" wu yi rock oolong tea/500 Grams / Spring 2019"
,"YunnanSourcing/Oolong/qian li xiang ""thousand mile aroma"" wu yi rock oolong tea/1 Kilogram 
,"YunnanSourcing/Oolong/qian li xiang ""thousand mile aroma"" wu yi rock oolong tea/1 Kilogram / Spring 2019"
,"YunnanSourcing/Oolong/traditional tie luo han ""iron arhat"" wu yi shan rock oolong tea"
,"YunnanSourcing/Oolong/traditional tie luo han ""iron arhat"" wu yi shan rock oolong tea/25 grams 
,"YunnanSourcing/Oolong/traditional tie luo han ""iron arhat"" wu yi shan rock oolong tea/25 grams / Spring 2019"
,"YunnanSourcing/Oolong/traditional tie luo han ""iron arhat"" wu yi shan rock oolong tea/50 grams 
,"YunnanSourcing/Oolong/traditional tie luo han ""iron arhat"" wu yi shan rock oolong tea/50 grams / Spring 2019"
,"YunnanSourcing/Oolong/traditional tie luo han ""iron arhat"" wu yi shan rock oolong tea/100 grams 
,"YunnanSourcing/Oolong/traditional tie luo han ""iron arhat"" wu yi shan rock oolong tea/100 grams / Spring 2019"
,"YunnanSourcing/Oolong/traditional tie luo han ""iron arhat"" wu yi shan rock oolong tea/250 grams 
,"YunnanSourcing/Oolong/traditional tie luo han ""iron arhat"" wu yi shan rock oolong tea/250 grams / Spring 2019"
,"YunnanSourcing/Oolong/traditional tie luo han ""iron arhat"" wu yi shan rock oolong tea/500 grams 
,"YunnanSourcing/Oolong/traditional tie luo han ""iron arhat"" wu yi shan rock oolong tea/500 grams / Spring 2019"
,"YunnanSourcing/Oolong/traditional tie luo han ""iron arhat"" wu yi shan rock oolong tea/1 Kilogram 
,"YunnanSourcing/Oolong/traditional tie luo han ""iron arhat"" wu yi shan rock oolong tea/1 Kilogram / Spring 2019"
,"YunnanSourcing/Oolong/phoenix village ""mi xiang"" shui xian oolong tea"
,"YunnanSourcing/Oolong/phoenix village ""mi xiang"" shui xian oolong tea/50 grams 
,"YunnanSourcing/Oolong/phoenix village ""mi xiang"" shui xian oolong tea/50 grams / Spring 2019"
,"YunnanSourcing/Oolong/phoenix village ""mi xiang"" shui xian oolong tea/100 grams 
,"YunnanSourcing/Oolong/phoenix village ""mi xiang"" shui xian oolong tea/100 grams / Spring 2019"
,"YunnanSourcing/Oolong/phoenix village ""mi xiang"" shui xian oolong tea/250 grams 
,"YunnanSourcing/Oolong/phoenix village ""mi xiang"" shui xian oolong tea/250 grams / Spring 2019"
,"YunnanSourcing/Oolong/phoenix village ""mi xiang"" shui xian oolong tea/500 grams 
,"YunnanSourcing/Oolong/phoenix village ""mi xiang"" shui xian oolong tea/500 grams / Spring 2019"
,"YunnanSourcing/Oolong/phoenix village ""mi xiang"" shui xian oolong tea/1 kilogram 
,"YunnanSourcing/Oolong/phoenix village ""mi xiang"" shui xian oolong tea/1 kilogram / Spring 2019"
,YunnanSourcing/Oolong/huang mei gui wu yi rock oolong tea
,YunnanSourcing/Oolong/huang mei gui wu yi rock oolong tea/25 grams 
,YunnanSourcing/Oolong/huang mei gui wu yi rock oolong tea/25 grams / Spring 2019
,YunnanSourcing/Oolong/huang mei gui wu yi rock oolong tea/50 grams 
,YunnanSourcing/Oolong/huang mei gui wu yi rock oolong tea/50 grams / Spring 2019
,YunnanSourcing/Oolong/huang mei gui wu yi rock oolong tea/100 grams 
,YunnanSourcing/Oolong/huang mei gui wu yi rock oolong tea/100 grams / Spring 2019
,YunnanSourcing/Oolong/huang mei gui wu yi rock oolong tea/250 grams 
,YunnanSourcing/Oolong/huang mei gui wu yi rock oolong tea/250 grams / Spring 2019
,YunnanSourcing/Oolong/huang mei gui wu yi rock oolong tea/500 grams 
,YunnanSourcing/Oolong/huang mei gui wu yi rock oolong tea/500 grams / Spring 2019
,YunnanSourcing/Oolong/huang mei gui wu yi rock oolong tea/1 Kilogram 
,YunnanSourcing/Oolong/huang mei gui wu yi rock oolong tea/1 Kilogram / Spring 2019
,"YunnanSourcing/Oolong/ma tou yan ""rou gui"" zheng yan wu yi rock oolong tea"
,"YunnanSourcing/Oolong/ma tou yan ""rou gui"" zheng yan wu yi rock oolong tea/10 Grams / Spring 2019"
,"YunnanSourcing/Oolong/ma tou yan ""rou gui"" zheng yan wu yi rock oolong tea/25 Grams / Spring 2019"
,"YunnanSourcing/Oolong/ma tou yan ""rou gui"" zheng yan wu yi rock oolong tea/50 Grams / Spring 2019"
,"YunnanSourcing/Oolong/ma tou yan ""rou gui"" zheng yan wu yi rock oolong tea/100 Grams / Spring 2019"
,"YunnanSourcing/Oolong/ma tou yan ""rou gui"" zheng yan wu yi rock oolong tea/250 Grams / Spring 2019"
,"YunnanSourcing/PuErh/Shou/ban pen village ""emperor's golden ""   tea"
,"YunnanSourcing/PuErh/Shou/ban pen village ""emperor's golden ""   tea/25 Grams"
,"YunnanSourcing/PuErh/Shou/ban pen village ""emperor's golden ""   tea/1 Caddy (60 Grams)"
,"YunnanSourcing/PuErh/Shou/ban pen village ""emperor's golden ""   tea/100 Grams"
,"YunnanSourcing/PuErh/Shou/ban pen village ""emperor's golden ""   tea/250 Grams"
,"YunnanSourcing/Teaware/Other/de hua jade porcelain ""yu ci"" white gaiwan * 130ml"
,"YunnanSourcing/Teaware/Other/de hua jade porcelain ""yu ci"" white gaiwan * 130ml/Default Title"
,"YunnanSourcing/PuErh/Sheng/2006 changtai ""65th anniversary of tong an teahouse""   "
,"YunnanSourcing/PuErh/Sheng/2006 changtai ""65th anniversary of tong an teahouse""   /1 Cake (400 Grams)"
,"YunnanSourcing/PuErh/Sheng/2006 changtai ""65th anniversary of tong an teahouse""   /25 Grams Sample"
,"YunnanSourcing/Teaware/Other/duan ni clay ""si fang xiang rui"" yixing teapot"
,"YunnanSourcing/Teaware/Other/duan ni clay ""si fang xiang rui"" yixing teapot/Default Title"
,"YunnanSourcing/Teaware/Other/padded ""linen"" gift box for teapots and teawares"
,"YunnanSourcing/Teaware/Other/padded ""linen"" gift box for teapots and teawares/10 x 10 x 10cm"
,"YunnanSourcing/Teaware/Other/padded ""linen"" gift box for teapots and teawares/14 x 14 x 10cm"
,"YunnanSourcing/PuErh/Sheng/2008 mengku ""certified organic"" wild arbor   "
,"YunnanSourcing/PuErh/Sheng/2008 mengku ""certified organic"" wild arbor   /1 Cake (400 Grams)"
,"YunnanSourcing/PuErh/Sheng/2008 mengku ""certified organic"" wild arbor   /25 Grams Sample"
,"YunnanSourcing/PuErh/Shou/2019  ""dizzy"" - blend  "
,"YunnanSourcing/PuErh/Shou/2019  ""dizzy"" - blend  /1 Cake (250 Grams)"
,"YunnanSourcing/PuErh/Shou/2019  ""dizzy"" - blend  /25 Grams Sample"
,"YunnanSourcing/PuErh/Shou/2019  ""ebullient"" - blend  "
,"YunnanSourcing/PuErh/Shou/2019  ""ebullient"" - blend  /1 Cake (357 Grams)"
,"YunnanSourcing/PuErh/Shou/2019  ""ebullient"" - blend  /25 Grams Sample"
,"YunnanSourcing/PuErh/Sheng/2013 xiaguan ""gao yuan chen"" premium   "
,"YunnanSourcing/PuErh/Sheng/2013 xiaguan ""gao yuan chen"" premium   /1 Cake (357 Grams)"
,YunnanSourcing/Teaware/Other/borun d-27 glass cha hai fair pitcher * 260ml
,YunnanSourcing/Teaware/Other/borun d-27 glass cha hai fair pitcher * 260ml/Default Title
,"YunnanSourcing/Teaware/Other/jian shui clay ""qiu feng"" teapot by li you ye * 200ml"
,"YunnanSourcing/Teaware/Other/jian shui clay ""qiu feng"" teapot by li you ye * 200ml/Default Title"
,"YunnanSourcing/Teaware/Other/jian shui clay ""huai yuan"" teapot by li you ye * 210ml"
,"YunnanSourcing/Teaware/Other/jian shui clay ""huai yuan"" teapot by li you ye * 210ml/Default Title"
,"YunnanSourcing/Teaware/Other/jian shui clay ""black and white swirl"" xi shi teapot by yao yun chao * 250ml"
,"YunnanSourcing/Teaware/Other/jian shui clay ""black and white swirl"" xi shi teapot by yao yun chao * 250ml/Default Title"
,"YunnanSourcing/Teaware/Other/jian shui clay ""shan qing shui xiu"" xi shi teapot by lin qi lu* 240ml"
,"YunnanSourcing/Teaware/Other/jian shui clay ""shan qing shui xiu"" xi shi teapot by lin qi lu* 240ml/Default Title"
,YunnanSourcing/Teaware/Other/jasmine lovers green and white tea sampler
,YunnanSourcing/Teaware/Other/jasmine lovers green and white tea sampler/Default Title
,YunnanSourcing/Teaware/Other/the journey is the destination  tea sampler set
,YunnanSourcing/Teaware/Other/the journey is the destination  tea sampler set/Default Title
,YunnanSourcing/Oolong/introduction to chinese oolong tea sampler
,YunnanSourcing/Oolong/introduction to chinese oolong tea sampler/Default Title
,"YunnanSourcing/PuErh/Sheng/2005 haiwan ""organic spring tips""   "
,"YunnanSourcing/PuErh/Sheng/2005 haiwan ""organic spring tips""   /1 Cake (357 Grams)"
,"YunnanSourcing/PuErh/Sheng/2005 haiwan ""organic spring tips""   /25 Grams Sample"
,"YunnanSourcing/PuErh/Sheng/2010 hai lang hao ""lao ban zhang gu shu""   tea"
,"YunnanSourcing/PuErh/Sheng/2010 hai lang hao ""lao ban zhang gu shu""   tea/10 Grams Sample"
,"YunnanSourcing/PuErh/Sheng/2009 hai lang hao ""ban zhang gu shu""   tea"
,"YunnanSourcing/PuErh/Sheng/2009 hai lang hao ""ban zhang gu shu""   tea/10 Grams Sample"
,"YunnanSourcing/PuErh/Sheng/2009 hai lang hao ""lao ban zhang gu shu""   tea"
,"YunnanSourcing/PuErh/Sheng/2009 hai lang hao ""lao ban zhang gu shu""   tea/10 Grams Sample"
,YunnanSourcing/Oolong/completist's duck shit oolong tea sampler
,YunnanSourcing/Oolong/completist's duck shit oolong tea sampler/Default Title
,"YunnanSourcing/PuErh/Shou/certified organic ""gong ting grade"" loose leaf   tea"
,"YunnanSourcing/PuErh/Shou/certified organic ""gong ting grade"" loose leaf   tea/50 Grams"
,"YunnanSourcing/PuErh/Shou/certified organic ""gong ting grade"" loose leaf   tea/100 Grams"
,"YunnanSourcing/PuErh/Shou/certified organic ""gong ting grade"" loose leaf   tea/250 Grams"
,"YunnanSourcing/PuErh/Shou/certified organic ""gong ting grade"" loose leaf   tea/500 Grams"
,"YunnanSourcing/PuErh/Shou/certified organic ""gong ting grade"" loose leaf   tea/1 Kilogram"
,"YunnanSourcing/Teaware/Other/jian shui clay ""zen"" teapot by he shang * 220ml"
,"YunnanSourcing/Teaware/Other/jian shui clay ""zen"" teapot by he shang * 220ml/Default Title"
,"YunnanSourcing/Oolong/middle mountain ""ba xian"" dan cong oolong tea"
,"YunnanSourcing/Oolong/middle mountain ""ba xian"" dan cong oolong tea/25 grams / Spring 2019"
,"YunnanSourcing/Oolong/middle mountain ""ba xian"" dan cong oolong tea/50 grams / Spring 2019"
,"YunnanSourcing/Oolong/middle mountain ""ba xian"" dan cong oolong tea/100 grams / Spring 2019"
,"YunnanSourcing/Oolong/middle mountain ""ba xian"" dan cong oolong tea/250 grams / Spring 2019"
,"YunnanSourcing/Oolong/middle mountain ""ba xian"" dan cong oolong tea/500 Grams / Spring 2019"
,"YunnanSourcing/Oolong/middle mountain ""ba xian"" dan cong oolong tea/1 Kilogram / Spring 2019"
,"YunnanSourcing/PuErh/Shou/2019 heng teng hao ""gong ting tribute cake""   tea"
,"YunnanSourcing/PuErh/Shou/2019 heng teng hao ""gong ting tribute cake""   tea/1 Cake (357 Grams)"
,"YunnanSourcing/PuErh/Shou/2019 heng teng hao ""gong ting tribute cake""   tea/25 Grams Sample"
,"YunnanSourcing/PuErh/Shou/2019 heng teng hao ""gong ting tribute cake""   tea/1 Tong (7 Cakes in Box) 7片礼盒"
,YunnanSourcing/Black/simao yunnan black tea sampler
,YunnanSourcing/Black/simao yunnan black tea sampler/Default Title
,YunnanSourcing/Teaware/Other/auction for 36662
,YunnanSourcing/Teaware/Other/auction for 36662/Default Title
,"YunnanSourcing/Black/lincang ""dian hong"" yunnan black tea sampler"
,"YunnanSourcing/Black/lincang ""dian hong"" yunnan black tea sampler/Default Title"
,YunnanSourcing/Teaware/Other/2nd 1/2 payment for 47362
,YunnanSourcing/Teaware/Other/2nd 1/2 payment for 47362/Default Title
,YunnanSourcing/Oolong/dan cong oolong tea sampler - middle mountain
,YunnanSourcing/Oolong/dan cong oolong tea sampler - middle mountain/Default Title
,YunnanSourcing/Oolong/dan cong oolong tea sampler
,YunnanSourcing/Oolong/dan cong oolong tea sampler/Default Title
,"YunnanSourcing/White/certified organic ""snow flower bi luo chun"" white tea"
,"YunnanSourcing/White/certified organic ""snow flower bi luo chun"" white tea/50 Grams / Spring 2019"
,"YunnanSourcing/White/certified organic ""snow flower bi luo chun"" white tea/100 Grams / Spring 2019"
,"YunnanSourcing/White/certified organic ""snow flower bi luo chun"" white tea/250 Grams / Spring 2019"
,"YunnanSourcing/White/certified organic ""snow flower bi luo chun"" white tea/500 Grams / Spring 2019"
,"YunnanSourcing/White/certified organic ""snow flower bi luo chun"" white tea/1 Kilogram / Spring 2019"
,"YunnanSourcing/Teaware/Other/duan ni clay ""persimmon"" yixing teapot * 80ml"
,"YunnanSourcing/Teaware/Other/duan ni clay ""persimmon"" yixing teapot * 80ml/Default Title"
,"YunnanSourcing/PuErh/Shou/2019  ""meng song""   "
,"YunnanSourcing/PuErh/Shou/2019  ""meng song""   /1 Cake (250 Grams)"
,"YunnanSourcing/PuErh/Shou/2019  ""meng song""   /25 Grams Sample"
,"YunnanSourcing/PuErh/Shou/2019  ""year of the pig red label""   "
,"YunnanSourcing/PuErh/Shou/2019  ""year of the pig red label""   /1 Cake (357 Grams)"
,"YunnanSourcing/PuErh/Shou/2019  ""year of the pig red label""   /25 Grams Sample"
,"YunnanSourcing/White/fuding ""shou mei dragon balls"" white tea"
,"YunnanSourcing/White/fuding ""shou mei dragon balls"" white tea/50 Grams"
,"YunnanSourcing/White/fuding ""shou mei dragon balls"" white tea/100 Grams"
,"YunnanSourcing/White/fuding ""shou mei dragon balls"" white tea/250 Grams"
,"YunnanSourcing/White/fuding ""shou mei dragon balls"" white tea/500 Grams"
,"YunnanSourcing/White/fuding ""shou mei dragon balls"" white tea/1 Kilogram"
,"YunnanSourcing/White/2019 yu da ""aged aroma shou mei"" white "
,"YunnanSourcing/White/2019 yu da ""aged aroma shou mei"" white /1 Cake (300 Grams)"
,"YunnanSourcing/White/2019 yu da ""aged aroma shou mei"" white /50 Grams"
,"YunnanSourcing/Teaware/Other/fuding ""yin hao"" jasmine flowers and green tea"
,"YunnanSourcing/Teaware/Other/fuding ""yin hao"" jasmine flowers and green tea/50 Grams / Spring 2019"
,"YunnanSourcing/Teaware/Other/fuding ""yin hao"" jasmine flowers and green tea/100 Grams / Spring 2019"
,"YunnanSourcing/Teaware/Other/fuding ""yin hao"" jasmine flowers and green tea/250 Grams / Spring 2019"
,"YunnanSourcing/Teaware/Other/fuding ""yin hao"" jasmine flowers and green tea/500 Grams / Spring 2019"
,"YunnanSourcing/Teaware/Other/fuding ""yin hao"" jasmine flowers and green tea/1 Kilogram / Spring 2019"
,"YunnanSourcing/Teaware/Other/2018 guojin ""inherit tradition"" hunan fu brick tea"
,"YunnanSourcing/Teaware/Other/2018 guojin ""inherit tradition"" hunan fu brick tea/1 Brick (950 Grams)"
,"YunnanSourcing/Teaware/Other/2018 guojin ""inherit tradition"" hunan fu brick tea/250 Grams Portion"
,"YunnanSourcing/Teaware/Other/2018 guojin ""inherit tradition"" hunan fu brick tea/50 Grams Sample"
,YunnanSourcing/Teaware/Other/auction for returned parcel 8979+7443 - cp352344574cn
,YunnanSourcing/Teaware/Other/auction for returned parcel 8979+7443 - cp352344574cn/Default Title
,YunnanSourcing/Teaware/Other/auction for returned parcel 0517001
,YunnanSourcing/Teaware/Other/auction for returned parcel 0517001/Default Title
,YunnanSourcing/Teaware/Other/auction for returned parcels 27798 and 20029
,YunnanSourcing/Teaware/Other/auction for returned parcels 27798 and 20029/Default Title
,YunnanSourcing/Teaware/Other/sama easy teapot for gong fu tea brewing * b-06 600ml
,YunnanSourcing/Teaware/Other/sama easy teapot for gong fu tea brewing * b-06 600ml/Default Title
,YunnanSourcing/Oolong/light roast premium aa grade ben shan oolong of anxi
,YunnanSourcing/Oolong/light roast premium aa grade ben shan oolong of anxi/50 grams / Spring 2019
,YunnanSourcing/Oolong/light roast premium aa grade ben shan oolong of anxi/100 grams / Spring 2019
,YunnanSourcing/Oolong/light roast premium aa grade ben shan oolong of anxi/250 grams / Spring 2019
,YunnanSourcing/Oolong/light roast premium aa grade ben shan oolong of anxi/500 grams / Spring 2019
,YunnanSourcing/Oolong/light roast premium aa grade ben shan oolong of anxi/1 Kilogram / Spring 2019
,"YunnanSourcing/PuErh/Sheng/2019  ""he bian zhai"" wild arbor   "
,"YunnanSourcing/PuErh/Sheng/2019  ""he bian zhai"" wild arbor   /1 Cake (250 Grams)"
,"YunnanSourcing/PuErh/Sheng/2019  ""he bian zhai"" wild arbor   /25 Grams Sample"
,"YunnanSourcing/PuErh/Sheng/2019  ""mo lie shan""   "
,"YunnanSourcing/PuErh/Sheng/2019  ""mo lie shan""   /1 Cake (250 Grams)"
,"YunnanSourcing/PuErh/Sheng/2019  ""mo lie shan""   /25 Grams Sample"
,"YunnanSourcing/Teaware/Other/2019  ""bu lang mountain""   "
,"YunnanSourcing/Teaware/Other/2019  ""bu lang mountain""   /1 Cake (200 Grams) 生茶"
,"YunnanSourcing/Teaware/Other/2019  ""bu lang mountain""   /25 Grams Sample 生茶"
,"YunnanSourcing/PuErh/Sheng/2019  ""bu lang secret garden""   "
,"YunnanSourcing/PuErh/Sheng/2019  ""bu lang secret garden""   /1 Cake (200 Grams)"
,"YunnanSourcing/PuErh/Sheng/2019  ""bu lang secret garden""   /25 Grams Sample"
,"YunnanSourcing/PuErh/Sheng/2019  ""he kai""   "
,"YunnanSourcing/PuErh/Sheng/2019  ""he kai""   /1 Cake (200 Grams)"
,"YunnanSourcing/PuErh/Sheng/2019  ""he kai""   /25 Grams Sample"
,"YunnanSourcing/PuErh/Sheng/2019  ""spring impression""   "
,"YunnanSourcing/PuErh/Sheng/2019  ""spring impression""   /1 Cake (357 Grams)"
,"YunnanSourcing/PuErh/Sheng/2019  ""spring impression""   /25 Grams Sample"
,"YunnanSourcing/PuErh/Sheng/2019  ""bing dao lao zhai""   "
,"YunnanSourcing/PuErh/Sheng/2019  ""bing dao lao zhai""   /1 Cake (250 Grams)"
,"YunnanSourcing/PuErh/Sheng/2019  ""bing dao lao zhai""   /25 Grams Sample"
,"YunnanSourcing/PuErh/Sheng/2019  ""bing dao lao zhai""   /10 Grams Sample"
,"YunnanSourcing/PuErh/Sheng/2019  ""da qing gu shu""   "
,"YunnanSourcing/PuErh/Sheng/2019  ""da qing gu shu""   /1 Cake (400 Grams)"
,"YunnanSourcing/PuErh/Sheng/2019  ""da qing gu shu""   /25 Grams Sample"
,"YunnanSourcing/PuErh/Sheng/2019  ""long tang gu shu"" old arbor   "
,"YunnanSourcing/PuErh/Sheng/2019  ""long tang gu shu"" old arbor   /1 Cake (250 Grams)"
,"YunnanSourcing/PuErh/Sheng/2019  ""long tang gu shu"" old arbor   /25 Grams Sample"
,"YunnanSourcing/PuErh/Sheng/2019  ""qian jia shan""   "
,"YunnanSourcing/PuErh/Sheng/2019  ""qian jia shan""   /1 Cake (400 Grams)"
,"YunnanSourcing/PuErh/Sheng/2019  ""qian jia shan""   /25 Grams Sample"
,"YunnanSourcing/PuErh/Sheng/2019  ""ai lao secret garden"" old arbor   "
,"YunnanSourcing/PuErh/Sheng/2019  ""ai lao secret garden"" old arbor   /1 Cake (250 Grams)"
,"YunnanSourcing/PuErh/Sheng/2019  ""ai lao secret garden"" old arbor   /25 Grams Sample"
,"YunnanSourcing/PuErh/Sheng/2019  ""wu liang mountain"" wild arbor   "
,"YunnanSourcing/PuErh/Sheng/2019  ""wu liang mountain"" wild arbor   /1 Cake (400 Grams)"
,"YunnanSourcing/PuErh/Sheng/2019  ""wu liang mountain"" wild arbor   /25 Grams Sample"
,"YunnanSourcing/Oolong/middle mountain ""hong di"" dan cong oolong tea"
,"YunnanSourcing/Oolong/middle mountain ""hong di"" dan cong oolong tea/1 Caddy (18 Grams) / Spring 2019"
,"YunnanSourcing/Oolong/middle mountain ""hong di"" dan cong oolong tea/50 Grams / Spring 2019"
,"YunnanSourcing/Oolong/middle mountain ""hong di"" dan cong oolong tea/100 Grams / Spring 2019"
,"YunnanSourcing/Oolong/wu yi shan ""qing xiang rou gui"" rock oolong tea"
,"YunnanSourcing/Oolong/wu yi shan ""qing xiang rou gui"" rock oolong tea/25 Grams / Spring 2019"
,"YunnanSourcing/Oolong/wu yi shan ""qing xiang rou gui"" rock oolong tea/50 grams / Spring 2019"
,"YunnanSourcing/Oolong/wu yi shan ""qing xiang rou gui"" rock oolong tea/100 grams / Spring 2019"
,"YunnanSourcing/Oolong/wu yi shan ""qing xiang rou gui"" rock oolong tea/250 grams / Spring 2019"
,"YunnanSourcing/Oolong/wu yi shan ""qing xiang rou gui"" rock oolong tea/500 grams / Spring 2019"
,"YunnanSourcing/Oolong/wu yi shan ""qing xiang rou gui"" rock oolong tea/1 kilogram / Spring 2019"
,"YunnanSourcing/PuErh/Sheng/2019  ""xy blend""   "
,"YunnanSourcing/PuErh/Sheng/2019  ""xy blend""   /1 Cake (250 Grams)"
,"YunnanSourcing/PuErh/Sheng/2019  ""xy blend""   /25 Grams Sample"
,"YunnanSourcing/PuErh/Sheng/2019  ""pasha mountain"" old arbor   "
,"YunnanSourcing/PuErh/Sheng/2019  ""pasha mountain"" old arbor   /1 Cake (200 Grams)"
,"YunnanSourcing/PuErh/Sheng/2019  ""pasha mountain"" old arbor   /25 Grams Sample"
,"YunnanSourcing/PuErh/Sheng/2019  ""ye zhu shan""   "
,"YunnanSourcing/PuErh/Sheng/2019  ""ye zhu shan""   /1 Cake (400 Grams)"
,"YunnanSourcing/PuErh/Sheng/2019  ""ye zhu shan""   /25 Grams Sample"
,"YunnanSourcing/PuErh/Sheng/2019  ""he tao di village""   "
,"YunnanSourcing/PuErh/Sheng/2019  ""he tao di village""   /1 Cake (400 Grams)"
,"YunnanSourcing/PuErh/Sheng/2019  ""he tao di village""   /25 Grams Sample"
,YunnanSourcing/Teaware/Other/sama easy teapot for gong fu tea brewing * b-02 600ml
,YunnanSourcing/Teaware/Other/sama easy teapot for gong fu tea brewing * b-02 600ml/Default Title
,"YunnanSourcing/PuErh/Sheng/2019  ""jiu tai po"" old arbor   "
,"YunnanSourcing/PuErh/Sheng/2019  ""jiu tai po"" old arbor   /1 Cake (250 Grams)"
,"YunnanSourcing/PuErh/Sheng/2019  ""jiu tai po"" old arbor   /25 Grams Sample"
,"YunnanSourcing/PuErh/Sheng/2019  ""san ceng yun""   "
,"YunnanSourcing/PuErh/Sheng/2019  ""san ceng yun""   /1 Cake (400 Grams)"
,"YunnanSourcing/PuErh/Sheng/2019  ""san ceng yun""   /25 Grams Sample"
,"YunnanSourcing/PuErh/Sheng/2019  ""he xie""   "
,"YunnanSourcing/PuErh/Sheng/2019  ""he xie""   /1 Cake (250 Grams)"
,"YunnanSourcing/PuErh/Sheng/2019  ""he xie""   /25 Grams Sample"
,YunnanSourcing/PuErh/Shou/2012 yi shan jing gu gong ting   tea brick
,YunnanSourcing/PuErh/Shou/2012 yi shan jing gu gong ting   tea brick/1 Brick (500 Grams)
,YunnanSourcing/PuErh/Shou/2012 yi shan jing gu gong ting   tea brick/25 Grams Sample
,"YunnanSourcing/Teaware/Other/laoshan village ""pine needles"" green tea"
,"YunnanSourcing/Teaware/Other/laoshan village ""pine needles"" green tea/25 Grams / Spring 2019"
,"YunnanSourcing/Teaware/Other/laoshan village ""pine needles"" green tea/50 Grams / Spring 2019"
,"YunnanSourcing/Teaware/Other/laoshan village ""pine needles"" green tea/100 Grams / Spring 2019"
,"YunnanSourcing/Teaware/Other/laoshan village ""pine needles"" green tea/250 Grams / Spring 2019"
,"YunnanSourcing/Teaware/Other/laoshan village ""pine needles"" green tea/500 Grams / Spring 2019"
,"YunnanSourcing/Teaware/Other/laoshan village ""pine needles"" green tea/1 Kilogram / Spring 2019"
,"YunnanSourcing/Teaware/Other/jian shui clay ""yun you"" teapot by li you ye * 200ml"
,"YunnanSourcing/Teaware/Other/jian shui clay ""yun you"" teapot by li you ye * 200ml/Default Title"
,"YunnanSourcing/PuErh/Sheng/man gang village ""cha wang shu""   tea dragon balls"
,"YunnanSourcing/PuErh/Sheng/man gang village ""cha wang shu""   tea dragon balls/1 Caddy (5 Dragon Balls)"
,YunnanSourcing/PuErh/Sheng/2006 long jie chun yin hao   
,YunnanSourcing/PuErh/Sheng/2006 long jie chun yin hao   /400 Gram Cake
,YunnanSourcing/PuErh/Sheng/2006 long jie chun yin hao   /25 Grams Sample
,"YunnanSourcing/PuErh/Sheng/2004 mengsa ""ying luo mountain""   "
,"YunnanSourcing/PuErh/Sheng/2004 mengsa ""ying luo mountain""   /1 Cake (357 Grams)"
,"YunnanSourcing/PuErh/Sheng/2004 mengsa ""ying luo mountain""   /25 Grams Sample"
,"YunnanSourcing/PuErh/Sheng/2004 guoyan ""yunnan minorities""   tea 4 cake set"
,"YunnanSourcing/PuErh/Sheng/2004 guoyan ""yunnan minorities""   tea 4 cake set/4 Cake Set (4 x 357 Grams)"
,"YunnanSourcing/PuErh/Sheng/2004 guoyan ""yunnan minorities""   tea 4 cake set/Sample Set (4 x 25 Grams)"
,"YunnanSourcing/PuErh/Sheng/2010 gu ming xiang ""bu lang zhi dian""   "
,"YunnanSourcing/PuErh/Sheng/2010 gu ming xiang ""bu lang zhi dian""   /1 Cake (400 Grams)"
,"YunnanSourcing/PuErh/Sheng/2010 gu ming xiang ""bu lang zhi dian""   /25 Grams Sample"
,"YunnanSourcing/Oolong/light roast tie luo han ""iron arhat"" wu yi shan rock oolong tea"
,"YunnanSourcing/Oolong/light roast tie luo han ""iron arhat"" wu yi shan rock oolong tea/25 grams / Spring 2019"
,"YunnanSourcing/Oolong/light roast tie luo han ""iron arhat"" wu yi shan rock oolong tea/50 grams / Spring 2019"
,"YunnanSourcing/Oolong/light roast tie luo han ""iron arhat"" wu yi shan rock oolong tea/100 grams / Spring 2019"
,"YunnanSourcing/Oolong/light roast tie luo han ""iron arhat"" wu yi shan rock oolong tea/250 grams / Spring 2019"
,"YunnanSourcing/Oolong/light roast tie luo han ""iron arhat"" wu yi shan rock oolong tea/500 grams / Spring 2019"
,"YunnanSourcing/Oolong/light roast tie luo han ""iron arhat"" wu yi shan rock oolong tea/1 Kilogram / Spring 2019"
,"YunnanSourcing/PuErh/Sheng/2019  ""an xiang""   "
,"YunnanSourcing/PuErh/Sheng/2019  ""an xiang""   /1 Cake (250 Grams)"
,"YunnanSourcing/PuErh/Sheng/2019  ""an xiang""   /25 Grams Sample"
,"YunnanSourcing/PuErh/Shou/2019  ""lao man'e village""   "
,"YunnanSourcing/PuErh/Shou/2019  ""lao man'e village""   /1 Cake (200 Grams)"
,"YunnanSourcing/PuErh/Shou/2019  ""lao man'e village""   /25 Grams Sample"
,"YunnanSourcing/PuErh/Shou/2019  ""ba wang""   "
,"YunnanSourcing/PuErh/Shou/2019  ""ba wang""   /1 Cake (250 Grams)"
,"YunnanSourcing/PuErh/Shou/2019  ""ba wang""   /25 Grams Sample"
,"YunnanSourcing/PuErh/Shou/2019  ""ba da mountain""   "
,"YunnanSourcing/PuErh/Shou/2019  ""ba da mountain""   /1 Cake (250 Grams)"
,"YunnanSourcing/PuErh/Shou/2019  ""ba da mountain""   /25 Grams Sample"
,"YunnanSourcing/PuErh/Shou/2012 xiaguan ft ""mushroom tuo""   tea"
,"YunnanSourcing/PuErh/Shou/2012 xiaguan ft ""mushroom tuo""   tea/1 Tuo (250 Grams)"
,"YunnanSourcing/PuErh/Shou/2012 xiaguan ft ""mushroom tuo""   tea/1 Bag of 3 Tuo (750 Grams) 1条"
,"YunnanSourcing/PuErh/Sheng/2017 xiaguan ft ""mushroom tuo""   tea"
,"YunnanSourcing/PuErh/Sheng/2017 xiaguan ft ""mushroom tuo""   tea/1 Tuo (250 Grams) 1沱"
,"YunnanSourcing/PuErh/Sheng/2017 xiaguan ft ""mushroom tuo""   tea/7 Tuo (7 x 250 Grams) 7沱/条"
,"YunnanSourcing/PuErh/Sheng/2019 xiaguan ""ma hei gong she"" yi wu mountain   tea"
,"YunnanSourcing/PuErh/Sheng/2019 xiaguan ""ma hei gong she"" yi wu mountain   tea/1 Cake (357 grams)"
,"YunnanSourcing/PuErh/Sheng/2019 xiaguan ""ma hei gong she"" yi wu mountain   tea/25 Grams Sample"
,"YunnanSourcing/PuErh/Sheng/2019 xiaguan ""ma hei gong she"" yi wu mountain   tea/7 Cakes in Gift Box (7片礼品盒)"
,"YunnanSourcing/PuErh/Sheng/2019 xiaguan ""cang zhao rui gong"" bu lang   "
,"YunnanSourcing/PuErh/Sheng/2019 xiaguan ""cang zhao rui gong"" bu lang   /1 Cake (357 Grams)"
,"YunnanSourcing/PuErh/Sheng/2019 xiaguan ""cang zhao rui gong"" bu lang   /25 Grams Sample"
,"YunnanSourcing/PuErh/Sheng/2019 xiaguan ""cang zhao rui gong"" bu lang   /7 Cakes in Gift Box (7片礼品盒)"
,"YunnanSourcing/PuErh/Sheng/2019 xiaguan ""5 star banpen gu shu""   tea iron cake"
,"YunnanSourcing/PuErh/Sheng/2019 xiaguan ""5 star banpen gu shu""   tea iron cake/1 Cake (357 Grams)"
,"YunnanSourcing/PuErh/Sheng/2019 xiaguan ""5 star banpen gu shu""   tea iron cake/25 Grams Sample"
,"YunnanSourcing/PuErh/Sheng/2019 xiaguan ""5 star banpen gu shu""   tea iron cake/7 Cakes in Gift Box (7片礼品盒)"
,"YunnanSourcing/PuErh/Shou/2019 xiaguan ""sweet ""   "
,"YunnanSourcing/PuErh/Shou/2019 xiaguan ""sweet ""   /1 Cake (357 Grams)"
,"YunnanSourcing/PuErh/Shou/2019 xiaguan ""sweet ""   /7 Cakes in Gift Box (7片礼品盒)"
,"YunnanSourcing/PuErh/Shou/2017 xiaguan ""sweet ""   mini "
,"YunnanSourcing/PuErh/Shou/2017 xiaguan ""sweet ""   mini /1 Cake (100 Grams)"
,"YunnanSourcing/PuErh/Shou/1998 cnnp ""lucky brand""   "
,"YunnanSourcing/PuErh/Shou/1998 cnnp ""lucky brand""   /1 Cake (357 Grams)"
,"YunnanSourcing/PuErh/Shou/1998 cnnp ""lucky brand""   /25 Grams Sample"
,"YunnanSourcing/Teaware/Other/2018 jingwei fu ""premium square brick"" fu zhuan tea"
,"YunnanSourcing/Teaware/Other/2018 jingwei fu ""premium square brick"" fu zhuan tea/1 Brick (200 Grams)"
,"YunnanSourcing/Teaware/Other/2018 jingwei fu ""premium square brick"" fu zhuan tea/25 Grams Sample"
,"YunnanSourcing/Teaware/Other/qin zhou clay teapot ""lotus dragon egg"" by yang xiao song"
,"YunnanSourcing/Teaware/Other/qin zhou clay teapot ""lotus dragon egg"" by yang xiao song/Default Title"
,"YunnanSourcing/PuErh/Sheng/2019  ""spring morning""   "
,"YunnanSourcing/PuErh/Sheng/2019  ""spring morning""   /1 Cake (400 Grams)"
,"YunnanSourcing/PuErh/Sheng/2019  ""spring morning""   /25 Grams Sample"
,"YunnanSourcing/Oolong/high mountain ""wen zhong"" dan cong oolong tea"
,"YunnanSourcing/Oolong/high mountain ""wen zhong"" dan cong oolong tea/1 Caddy (25 Grams) / Spring 2019"
,"YunnanSourcing/Oolong/middle mountain ""duck shit aroma"" dan cong oolong tea"
,"YunnanSourcing/Oolong/middle mountain ""duck shit aroma"" dan cong oolong tea/10 Grams / Spring 2019"
,"YunnanSourcing/Oolong/middle mountain ""duck shit aroma"" dan cong oolong tea/1 Caddy (25 Grams) / Spring 2019"
,"YunnanSourcing/Oolong/middle mountain ""duck shit aroma"" dan cong oolong tea/50 Grams / Spring 2019"
,"YunnanSourcing/PuErh/Shou/2019  ""year of the pig blue label""   "
,"YunnanSourcing/PuErh/Shou/2019  ""year of the pig blue label""   /1 Cake (250 Grams)"
,"YunnanSourcing/PuErh/Shou/2019  ""year of the pig blue label""   /25 Grams Sample"
,"YunnanSourcing/PuErh/Shou/2019  ""last laugh""   "
,"YunnanSourcing/PuErh/Shou/2019  ""last laugh""   /1 Cake (250 Grams)"
,"YunnanSourcing/PuErh/Shou/2019  ""last laugh""   /25 Grams Sample"
,"YunnanSourcing/PuErh/Shou/2019  ""buddy""   "
,"YunnanSourcing/PuErh/Shou/2019  ""buddy""   /1 Cake (200 Grams)"
,"YunnanSourcing/PuErh/Shou/2019  ""he kai village""   "
,"YunnanSourcing/PuErh/Shou/2019  ""he kai village""   /1 Cake (250 Grams)"
,"YunnanSourcing/PuErh/Shou/2019  ""he kai village""   /25 Grams Sample"
,"YunnanSourcing/PuErh/Shou/2019  ""bu lang mountain""   "
,"YunnanSourcing/PuErh/Shou/2019  ""bu lang mountain""   /1 Cake (250 Grams) 熟茶"
,"YunnanSourcing/PuErh/Shou/2019  ""bu lang mountain""   /25 Grams Sample 熟茶"
,YunnanSourcing/Teaware/Other/ brand organic green tea sampler
,YunnanSourcing/Teaware/Other/ brand organic green tea sampler/Spring 2019
,"YunnanSourcing/PuErh/Shou/2019 menghai ""7452""   "
,"YunnanSourcing/PuErh/Shou/2019 menghai ""7452""   /357 Gram Cake"
,"YunnanSourcing/PuErh/Shou/2019 menghai ""7572""   "
,"YunnanSourcing/PuErh/Shou/2019 menghai ""7572""   /357 Gram Cake"
,"YunnanSourcing/PuErh/Sheng/2019  ""bang dong pigs""   tea sampler"
,"YunnanSourcing/PuErh/Sheng/2019  ""bang dong pigs""   tea sampler/Default Title"
,"YunnanSourcing/Teaware/Other/drip glazed ""classic"" ceramic cups 135ml * set of 2"
,"YunnanSourcing/Teaware/Other/drip glazed ""classic"" ceramic cups 135ml * set of 2/Default Title"
,"YunnanSourcing/Teaware/Other/porcelain ""pomegranate bounty"" gaiwan and cups"
,"YunnanSourcing/Teaware/Other/porcelain ""pomegranate bounty"" gaiwan and cups/Gaiwan and 3 Cups (盖碗＋3个杯子)"
,"YunnanSourcing/Teaware/Other/porcelain ""pomegranate bounty"" gaiwan and cups/Gaiwan Only (盖碗)"
,"YunnanSourcing/Teaware/Other/porcelain ""pomegranate bounty"" gaiwan and cups/3 Cups (3个杯子)"
,"YunnanSourcing/Teaware/Other/""mountains reaching the sea"" gaiwan and cups"
,"YunnanSourcing/Teaware/Other/""mountains reaching the sea"" gaiwan and cups/Gaiwan and 4 Cups (盖碗＋4个杯子)"
,"YunnanSourcing/Teaware/Other/""mountains reaching the sea"" gaiwan and cups/Gaiwan Only (盖碗)"
,"YunnanSourcing/Teaware/Other/""mountains reaching the sea"" gaiwan and cups/4 Cups (4个杯子)"
,"YunnanSourcing/Teaware/Other/2015 jingwei fu ""1368 classic"" fu brick tea"
,"YunnanSourcing/Teaware/Other/2015 jingwei fu ""1368 classic"" fu brick tea/1 Brick (900 Grams)"
,"YunnanSourcing/Teaware/Other/2015 jingwei fu ""1368 classic"" fu brick tea/250 Grams"
,"YunnanSourcing/Teaware/Other/2015 jingwei fu ""1368 classic"" fu brick tea/100 Grams"
,"YunnanSourcing/Teaware/Other/2015 jingwei fu ""1368 classic"" fu brick tea/50 grams"
,"YunnanSourcing/PuErh/Shou/2003 cnnp ""da huang yin""   "
,"YunnanSourcing/PuErh/Shou/2003 cnnp ""da huang yin""   /1 Cake (357 Grams)"
,"YunnanSourcing/PuErh/Shou/2003 cnnp ""da huang yin""   /25 Grams Sample"
,"YunnanSourcing/PuErh/Sheng/2019  ""purple pig"" wild tree purple "
,"YunnanSourcing/PuErh/Sheng/2019  ""purple pig"" wild tree purple /1 Cake (400 Grams)"
,"YunnanSourcing/PuErh/Sheng/2019  ""purple pig"" wild tree purple /25 Grams Sample"
,"YunnanSourcing/PuErh/Sheng/bang dong ""old tree huang pian""   tea brick"
,"YunnanSourcing/PuErh/Sheng/bang dong ""old tree huang pian""   tea brick/1 Brick (1 Kilogram)"
,"YunnanSourcing/PuErh/Sheng/bang dong ""old tree huang pian""   tea brick/25 Grams Sample"
,"YunnanSourcing/PuErh/Sheng/2019  ""bang dong zi cha"" purple   "
,"YunnanSourcing/PuErh/Sheng/2019  ""bang dong zi cha"" purple   /1 Cake (250 Grams)"
,"YunnanSourcing/PuErh/Sheng/2019  ""bang dong zi cha"" purple   /25 Grams Sample"
,"YunnanSourcing/Teaware/Other/pure silver 999 ""bao zun"" teapot * 65ml"
,"YunnanSourcing/Teaware/Other/pure silver 999 ""bao zun"" teapot * 65ml/Default Title"
,YunnanSourcing/Teaware/Other/pure silver 999 begonia red jun porcelain cup * 90ml
,YunnanSourcing/Teaware/Other/pure silver 999 begonia red jun porcelain cup * 90ml/Default Title
,"YunnanSourcing/Black/laoshan village ""joyous spring"" tea sampler"
,"YunnanSourcing/Black/laoshan village ""joyous spring"" tea sampler/Default Title"
,"YunnanSourcing/Black/""purple voodoo"" purple black  * spring 2019"
,"YunnanSourcing/Black/""purple voodoo"" purple black  * spring 2019/1 Cake (200 Grams)"
,"YunnanSourcing/Black/""purple voodoo"" purple black  * spring 2019/25 Grams Sample"
,YunnanSourcing/Black/best fujian black tea sampler * spring harvest 2019
,YunnanSourcing/Black/best fujian black tea sampler * spring harvest 2019/Default Title
,"YunnanSourcing/PuErh/Sheng/2019  ""bang dong impression"" old arbor   "
,"YunnanSourcing/PuErh/Sheng/2019  ""bang dong impression"" old arbor   /1 Cake (250 Grams)"
,"YunnanSourcing/PuErh/Sheng/2019  ""bang dong impression"" old arbor   /25 Grams Sample"
,"YunnanSourcing/PuErh/Sheng/2019  ""na han village"" old arbor   "
,"YunnanSourcing/PuErh/Sheng/2019  ""na han village"" old arbor   /1 Cake (250 Grams)"
,"YunnanSourcing/PuErh/Sheng/2019  ""na han village"" old arbor   /25 Grams Sample"
,"YunnanSourcing/PuErh/Sheng/2019  ""man gang village"" old arbor   "
,"YunnanSourcing/PuErh/Sheng/2019  ""man gang village"" old arbor   /1 Cake (250 Grams)"
,"YunnanSourcing/PuErh/Sheng/2019  ""man gang village"" old arbor   /25 Grams Sample"
,"YunnanSourcing/PuErh/Sheng/2019  ""da qing zhai"" old arbor   "
,"YunnanSourcing/PuErh/Sheng/2019  ""da qing zhai"" old arbor   /1 Cake (250 Grams)"
,"YunnanSourcing/PuErh/Sheng/2019  ""da qing zhai"" old arbor   /25 Grams Sample"
,"YunnanSourcing/Teaware/Other/pink duan ni and purple clay ""pumpkin"" teapot"
,"YunnanSourcing/Teaware/Other/pink duan ni and purple clay ""pumpkin"" teapot/Default Title"
,"YunnanSourcing/PuErh/Shou/2014 white wrapper ""generic 7572"" menghai   "
,"YunnanSourcing/PuErh/Shou/2014 white wrapper ""generic 7572"" menghai   /1 Cake (357 Grams)"
,"YunnanSourcing/PuErh/Shou/2014 white wrapper ""menghai gong ting""   "
,"YunnanSourcing/PuErh/Shou/2014 white wrapper ""menghai gong ting""   /1 Cake (357 Grams)"
,"YunnanSourcing/Teaware/Other/qin zhou clay teapot ""lian nian you yu"" by lu ji zu * 180ml"
,"YunnanSourcing/Teaware/Other/qin zhou clay teapot ""lian nian you yu"" by lu ji zu * 180ml/Default Title"
,"YunnanSourcing/PuErh/Sheng/2018 bao he xiang ""wu jin hao""   "
,"YunnanSourcing/PuErh/Sheng/2018 bao he xiang ""wu jin hao""   /1 Cake (357 Grams)"
,"YunnanSourcing/PuErh/Sheng/2018 bao he xiang ""wu jin hao""   /25 Grams Sample"
,"YunnanSourcing/PuErh/Sheng/2018 bao he xiang ""wu jin hao""   /10 Grams Sample"
,"YunnanSourcing/PuErh/Sheng/2018 bao he xiang ""yi wu an xiang""   "
,"YunnanSourcing/PuErh/Sheng/2018 bao he xiang ""yi wu an xiang""   /1 Cake (357 Grams)"
,"YunnanSourcing/PuErh/Sheng/2018 bao he xiang ""yi wu an xiang""   /25 Grams Sample"
,"YunnanSourcing/PuErh/Sheng/2014 bao he xiang ""jian ru jia jing"" yi wu   "
,"YunnanSourcing/PuErh/Sheng/2014 bao he xiang ""jian ru jia jing"" yi wu   /1 Cake (357 Grams)"
,"YunnanSourcing/PuErh/Sheng/2014 bao he xiang ""jian ru jia jing"" yi wu   /25 Grams Sample"
,"YunnanSourcing/PuErh/Sheng/2019 zu xiang ""wu liang yuan sheng"" organic   "
,"YunnanSourcing/PuErh/Sheng/2019 zu xiang ""wu liang yuan sheng"" organic   /1 Cake (357 Grams)"
,"YunnanSourcing/PuErh/Sheng/2019 zu xiang ""wu liang yuan sheng"" organic   /25 Grams Sample"
,"YunnanSourcing/White/2018 zu xiang ""wu liang moonlight white"" organic "
,"YunnanSourcing/White/2018 zu xiang ""wu liang moonlight white"" organic /1 Cake (357 Grams)"
,"YunnanSourcing/White/2018 zu xiang ""wu liang moonlight white"" organic /25 Grams Sample"
,"YunnanSourcing/PuErh/Shou/2019 zu xiang ""wu liang chun pu"" organic   tea"
,"YunnanSourcing/PuErh/Shou/2019 zu xiang ""wu liang chun pu"" organic   tea/1 Cake (357 Grams)"
,"YunnanSourcing/PuErh/Shou/2019 zu xiang ""wu liang chun pu"" organic   tea/25 Grams Sample"
,YunnanSourcing/PuErh/Sheng/2004 dadugang * 1366 thai calendar   tea brick
,YunnanSourcing/PuErh/Sheng/2004 dadugang * 1366 thai calendar   tea brick/1 Brick (250 Grams)
,YunnanSourcing/PuErh/Sheng/2004 dadugang * 1366 thai calendar   tea brick/25 Grams Sample
,"YunnanSourcing/Teaware/Other/pure silver 999 ""wooden handle"" teapot * 195ml"
,"YunnanSourcing/Teaware/Other/pure silver 999 ""wooden handle"" teapot * 195ml/Default Title"
,"YunnanSourcing/Teaware/Other/duan ni clay ""apple"" yixing teapot * 150ml"
,"YunnanSourcing/Teaware/Other/duan ni clay ""apple"" yixing teapot * 150ml/Default Title"
,"YunnanSourcing/Teaware/Other/2018 gao jia shan ""fu rong mountain"" fu zhuan wild tea"
,"YunnanSourcing/Teaware/Other/2018 gao jia shan ""fu rong mountain"" fu zhuan wild tea/1 Brick (728 Grams)"
,"YunnanSourcing/Teaware/Other/2018 gao jia shan ""fu rong mountain"" fu zhuan wild tea/250 Grams"
,"YunnanSourcing/Teaware/Other/2018 gao jia shan ""fu rong mountain"" fu zhuan wild tea/50 Grams"
,"YunnanSourcing/Teaware/Other/pure silver 999 ""kettle shape"" teapot * 65ml"
,"YunnanSourcing/Teaware/Other/pure silver 999 ""kettle shape"" teapot * 65ml/Default Title"
,"YunnanSourcing/Teaware/Other/qin zhou clay teapot ""dragon and phoenix"" by hu ying hou"
,"YunnanSourcing/Teaware/Other/qin zhou clay teapot ""dragon and phoenix"" by hu ying hou/Default Title"
